{
  "interval_id": "interval_0001",
  "clip_id": "arc_raiders_001",
  "start_s": 19.33,
  "end_s": 29.33,
  "start_frame": 1146,
  "end_frame": 1739,
  "keyframe_count": 297,
  "midpoint_count": 296,
  "resolution": "1920x1080",
  "difficulty": "MEDIUM",
  "motion_stats": {
    "mean_flow": 12.700378359559721,
    "max_flow": 354.0750732421875,
    "variance": 61.11955974647407,
    "static_pct": 4.4,
    "easy_pct": 13.2,
    "medium_pct": 42.2,
    "hard_pct": 38.2,
    "extreme_pct": 2.0
  },
  "extracted": "2025-12-16T03:07:16.357171"
}